{"cameraMode":{"drawMode":0,"name":"Shaded","section":"Shading Mode"},"sceneLighting":true,"audioPlay":false,"sceneViewState":{"m_AlwaysRefresh":false,"showFog":true,"showSkybox":true,"showFlares":true,"showImageEffects":true,"showParticleSystems":true,"showVisualEffectGraphs":true,"m_FxEnabled":true},"in2DMode":false,"pivot":{"x":-3.5664520263671877,"y":-6.888622760772705,"z":30.655344009399415},"rotation":{"x":0.17815306782722474,"y":-0.09724154323339462,"z":0.017694998532533647,"w":0.9790266156196594},"size":11.141251564025879,"orthographic":false}